asset,period,source,status,usage
Market structure,2026Q2,GAOYAN Philippines BI dashboard,Market data,Treats universe and category sizing
Channel structure,2026Q2,GAOYAN Philippines BI dashboard,Market data,QSR concentration
City structure,2026Q2,GAOYAN Philippines BI dashboard,Market data,Top-city prioritization
Brand sample,2026Q2,GAOYAN Philippines BI dashboard,Market data,Priority chain ranking
Ingredient/flavor/process,2026Q2,GAOYAN Philippines BI dashboard,Market data,Anchor fit signals
Revenue proxy,OTM methodology,Formula component,Model input,Outlet Count × Meals per Day × Avg Price per Meal × Days of Operating
Anchor fit,Anchor commercial input,Joint calibration,Model input,Maps applications and SKUs to outlet relevance
Original OTM formula,2026-05-29,UFS Indonesia OTM Model Logic and Data Notes,Methodology,Retained for Philippines calibration
QSR × Pastry traffic peer group,2026Q2,GAOYAN Philippines BI Restaurant List export,Market data and derived index,58817 outlets; Goldilocks SM MOA traffic signal validated at 1.25 using the original OTM methodology
